id,university_name
1,Acharya N.G. Ranga Agricultural University
2,Acharya Nagarjuna University
3,Adikavi Nannaya University
4,Andhra Kesari University
5,Andhra University
6,Bharatiya Engineering Science and Technology Innovation University
7,Central University of Andhra Pradesh
8,Central Tribal University of Andhra Pradesh
9,Centurion University of Technology and Management
10,Cluster University
11,Damodaram Sanjivayya National Law University
12,Dr. Abdul Haq Urdu University
13,Dr. B.R. Ambedkar University
14,Dravidian University
15,Dr. Y.S.R Architecture and Fine Arts University
16,Dr. Y.S.R. Horticultural University
17,Dr. N.T.R. University of Health Sciences (Formerly Andhra Pradesh University of Health Sciences)
18,Gandhi Institute of Technology and Management (GITAM)
19,Jawaharlal Nehru Technological University
20,Jawaharlal Nehru Technological University - Gurajada
21,Koneru Lakshmaiah Education Foundation
22,KREA University
23,Krishna University
24,Rajiv Gandhi University of Knowledge Technologies Andhra Pradesh
25,Rayalaseema University
26,Saveetha Amaravati University
27,Sri Krishnadevaraya University
28,Sri Padmavati Mahila Vishwavidyalayam
29,Sri Sathya Sai Institute of Higher Learning
30,Sri Venkateswara University
31,Sri Venkateswara Vedic University
32,Sri Venkateswara Veterinary University
33,Sri Venkateswara Institute of Medical Sciences
34,SRM University
35,The National Sanskrit University
36,Vignan's Foundation for Science
37,Vikrama Simhapuri University
38,VIT-AP University
39,Yogi Vemana University
40,Apex Professional University
41,Arunachal University of Studies
42,Arunachal Pradesh University
43,Arunodaya University
44,Himalayan University
45,North East Frontier Technical University
46,North Eastern Regional Institute of Science & Technology
47,Rajiv Gandhi University
48,The Global University
49,The Indira Gandhi Technological & Medical Sciences University
50,Venkateshwara Open University
51,Assam Agricultural University
52,Assam Don Bosco University
53,Assam Down Town University
54,Assam University
55,Assam Rajiv Gandhi University of Co-operative Management
56,Assam Science & Technology University
57,Assam Women’s University
58,Birangana Sati Sadhani Rajyik Vishwavidyalaya
59,Bodoland University
60,Bhattadev University
61,Cotton Univeristy
62,Central Institute of Technology (CIT)
63,Dibrugarh University
64,Gauhati University
65,Girijananda Chowdhury University Assam
66,Krishna Kanta Handiqui State Open University (Formerly Krishna Kanta Handique State Open University)
67,Kumar Bhaskar Varma Sanskrit & Ancient Studies University
68,Krishnaguru Adhyatmik Visvavidyalaya
69,Madhabdev University
70,Mahapurusha Srimanta Sankaradeva Viswavidyalaya
71,Majuli University of Culture
72,National Law University and Judicial Academy
73,Pragjyotishpur University
74,Rabindranath Tagore University
75,Srimanta Sankaradeva University of Health Sciences
76,Sri Sri Anirudhadeva Sports University
77,Tezpur University
78,The Assam Kaziranga University
79,The Assam Royal Global University
80,Amity University
81,Aryabhatta knowledge University
82,Babasaheb Bhimrao Ambedkar Bihar University
83,Bhupendra Narayan Mandal University
84,Bihar Agricultural University
85,Bihar Animal Sciences University
86,Central University of South Bihar
87,Chanakya National Law University
88,Dr. C.V. Raman University
89,Gopal Narayan Singh University
90,Jai Prakash Vishwavidyalaya
91,Kameshwara Singh Darbhanga Sanskrit Vishwavidyalaya
92,K.K. University
93,Lalit Narayan Mithila University
94,Magadh University
95,Mahatma Gandhi Central University
96,Mata Gujri University
97,Maulana Mazharul Haque Arabic & Persian University
98,Munger University
99,Nalanda University
100,Nalanda Open University
101,Nava Nalanda Mahavihara
102,Patna University
103,Patliputra University
104,Purnea University
105,Dr. Rajendra Prasad Central Agricultural University
106,Sandip University
107,T.M. University
108,Veer Kunwar Singh University
109,Al-Karim University
110,AAFT University of Media and Arts
111,Ayush and Health Sciences University of Chhattisgarh
112,Bharti Vishwavidyalaya
113,Atal Bihari Vajpayee Vishwavidyalaya (Formerly Bilaspur Vishwavidyalaya)
114,Chhattisgarh Kamdhenu Vishwavidyalaya
115,Chhattisgarh Swami Vivekanand Technical University
116,Dev Sanskriti Vishwavidyalaya
117,Durg Vishwavidyalaya
118,Guru Ghasidas Vishwavidyalaya
119,Hidayatullah National Law University
120,ICFAI University
121,International Institute of Information Technology
122,ISBM University
123,Indira Gandhi Krishi Vishwavidyalaya
124,Indira Kala Sangeet Vishwavidyalaya
125,ITM University
126,K.K. Modi University
127,Kushabhau Thakre Patrakarita Avam Jansanchar Vishwavidyalaya
128,Kalinga University
129,Maharishi University of Management and Technology
130,Mahatma Gandhi Udyanikee Evam Vanikee Vishwavidyalaya
131,MATS University
132,O.P. Jindal University
133,Pt. Ravishankar Shukla University
134,Pandit Sundar Lal Sharma (Open) University Chhatisgarh
135,Sant Gahira Guru Vishwavidyalaya (formerly Sarguja University)
136,Shaheed Mahendra Karma Vishwavidyalaya
137,Shaheed Nandkumar Patel Vishwavidyalaya
138,Shri Rawatpura Sarkar University
139,Shri Shankaracharaya Professional University
140,Goa University
141,India International University of Legal Education and Research
142,Adani University
143,Ahmedabad University
144,Anand Agricultural Univerisity
145,Anant National University
146,Atmiya University
147,AURO University of Hospitality and Management
148,Bhagwan Mahavir University
149,Bhaikaka University
150,Bhakta Kavi Narsinh Mehta University
151,Birsa Munda Tribal University
152,Central University of Gujarat
153,Gati Shakti Vishwavidyalaya
154,Centre for Environmental Planning and Technology University
155,Charotar University of Science & Technology
156,Children’s University
157,C.U. Shah University
158,Darshan University
159,Dharmsinh Desai University
160,Dhirubhai Ambani Institute of Information and Communication Technology
161,Dr. Babasaheb Ambedkar Open University
162,Drs. Kiran & Pallavi Patel Global University (KPGU)
163,Dr. Subhash University
164,Ganpat University
165,G.L.S. University
166,Gandhinagar University
167,Gokul Global University
168,GSFC University
169,Gujarat Ayurveda University
170,Gujarat Biotechnology University
171,Gujarat Maritime University
172,Gujarat National Law University
173,Gujarat Natural Farming and Organic Agricultural University (Formerly Gujarat Organic Agriculture University)
174,Gujarat Technlogical University
175,Gujarat University
176,Gujarat University of Transplantation Sciences
177,Gujarat Vidyapith
178,Hemchandracharya North Gujarat University
179,Indian Institute of Public Health
180,Indian Institute of Teacher Education
181,Indrashil University
182,Indus University
183,Institute of Infrastructure Technology Research and Management
184,Institute of Advanced Research
185,ITM (SLS) Baroda University
186,ITM-Vocational University
187,J.G. University
188,Junagarh Agricultural University
189,Kadi Sarva Vishwavidyalaya
190,Kamdhenu University
191,Karnavati University
192,Krantiguru Shyamji Krishna Verma Kachchh University
193,“Kaushalya” the Skill University
194,Lakulish Yoga University
195,Lok Jagruti Kendra University
196,Lokbharati University for Rural Innovation
197,Maganbhai Adenwala Mahagujarat University
198,Maharaja Krishnakumarsinji Bhavnagar University
199,Maharaja Sayajirao University of Baroda
200,Marwadi University
201,Monark University
202,National Rail and Transportation Institute (NRTI)
203,Navsari Agricultural University
204,Nirma University
205,Navrachana University
206,Noble University
207,Pandit Deendayal Energy University (Formerly Pandit Deendayal Petroleum University)
208,Parul University
209,Plastindia International University
210,P.P. Savani University
211,R.K. University
212,Rai University
213,Sabarmati University
214,SKIPS University
215,Sankalchand Patel University
216,Sardar Krushinagar Dantiwada Agricultural University
217,Sardar Patel University
218,Sarvajanik University
219,Saurashtra University
220,Shree Somnath Sanskrit University
221,Shreyarth University
222,Shri Govind Guru University
223,Silver Oak University
224,Sumandeep Vidyapeeth
225,Surendranagar University
226,Swaminarayan University
227,Swarnim Gujarat Sports University
228,Swarnim Startup & Innovation University
229,Team Lease Skills University
230,The Charutar Vidya Mandal (CVM) University
231,Transstadia University
232,UKA Tarsadia University
233,UPL University of Sustainable Technology
234,Vanita Vishram Women’s University
235,Veer Narmad South Gujarat University
236,Vidhyadeep University
237,Al-Falah University
238,Apeejay Stya University
239,Ashoka University
240,Bhagat Phool Singh Mahila Vishwavidyalaya
241,Baba Mast Nath University
242,BML Munjal University
243,Central University of Haryana
244,Chaudhary Bansi Lal University
245,Chaudhary Devi Lal University
246,Chaudhary Ranbir Singh University
247,Choudhary Charan Singh Haryana Agricultural University
248,Deen Bandhu Chhotu Ram University of Science & Technology
249,Dr. B.R. Ambedkar National Law University (Formarly National Law University Haryana)
250,G.D. Goenka University
251,Geeta University
252,Guru Jambeshwar University of Science and Technology
253,Gurugram University
254,Shri Vishwakarma Skill University
255,IILM University
256,Indira Gandhi University
257,Jagan Nath University
258,J.C Bose University of Science & Technology (Formerly YMCA University of Science & Technology)
259,K.R. Mangalam University
260,Kurukshetra University
261,Lingaya’s Vidyapeeth
262,Lala Lajpat Rai University of Veterinary & Animal Sciences
263,Maharana Pratap Horticultural University
264,Maharishi Balmiki Sanskrit University
265,Maharishi Dayanand University
266,Maharishi Markandeshwar
267,Maharishi Markandeshwar University
268,Manav Rachna International Institute of Research & Studies
269,Manav Rachna University
270,M.V.N. University
271,National Brain Research Centre
272,National Dairy Research Institute
273,National Institute of Food Technology
274,NIILM University
275,Om Sterling Global University
276,O.P. Jindal Global University
277,PDM University
278,Pt. Bhagwat Dayal Sharma University of Health Sciences
279,Pandit Lakhmi Chand State University of Performing and Visual Arts (Formerly State University of Performing and Visual Arts)
280,Rishihood University NH-44(GT Road)
281,Shree Guru Gobind Singh Tricentenary University
282,Shri Krishna AYUSH University
283,Starex University
284,Sushant University (Formerly Ansal University)
285,The Northcap University (Formerly ITM University)
286,World University of Design
287,Abhilashi University
288,ArniUniversity
289,A.P.G. (Alakh Prakash Goyal) Shimla University
290,Atal Medical and Research University
291,Baddi University of Emerging Sciences & Technology
292,Bahra University
293,Career Point University
294,Central University of Himachal Pradesh
295,Chitkara University
296,Dr. Y.S. Parmar University of Horticulture & Forestry
297,Eternal University
298,Chaudhary Sarwan Kumar Himachal Pradesh Krishi Vishvavidyalaya
299,Himachal Pradesh National Law University
300,Himachal Pradesh University
301,Himachal Pradesh Technical University
302,I.E.C. (India Education Centre) University
303,Indus International University
304,Jaypee University of Information Technology
305,Maharaja Agrasen University
306,Manav Bharti University
307,Sardar Patel University Mandi
308,Shoolini University of Biotechnology and Management Sciences
309,Sri Sai University
310,Baba Ghulam Shah Badshah University
311,Central University of Kashmir
312,Central University of Jammu
313,Cluster University of Jammu
314,Cluster University of Srinagar
315,Islamic University of Science & Technology University
316,Sher-e-Kashmir University of Agricultural Science & Technology
317,Shri Mata Vaishno Devi University
318,University of Jammu
319,University of Kashmir
320,AISECT University
321,ARKA Jain University
322,Binod Bihar Mahto Koylanchal University
323,Birla Institute of Technology
324,Birsa Agricultural University
325,Capital University
326,Central University of Jharkhand
327,Dr. Shyama Prasad Mukherjee University
328,Jharkhand Rai University
329,Jharkhand Raksha Shakti University
330,Jharkhand University of Technology
331,Kolhan University
332,Nilamber-Pitamber University
333,National University of Study & Research in Law
334,Netaji Subhas University
335,Pragyan International University
336,Radha Govind University
337,Ram Krishana Dharmarth Foundation University
338,Ramchandra Chandravansi University
339,Ranchi University
340,Sai Nath University
341,Sarla Birla University
342,Sido Kanhu Murmu University
343,Srinath University
344,The Institute of Chartered Financial Analysts of India University
345,Usha Martin University
346,Vinoba Bhave University
347,YBN University
348,Adichunchanagiri University
349,Alliance University
350,Atria University
351,Azim Premji University
352,B.L.D.E. Bijapur
353,Bangalore University
354,Bengaluru City University (Formerly Bengaluru Central University)
355,Bengaluru Dr. B.R. Ambedkar School of Economics University
356,Bengaluru North University
357,Central University of Karnataka
358,Christ
359,Chanakya University
360,CMR University
361,Davangere University
362,Dayananda Sagar University
363,Garden City University
364,Gulbarga University
365,Indian Institute of Science
366,JSS Academy of Higher Education & Research
367,Jain
368,JSS Science & Technology University
369,Jawaharlal Nehru Centre for Advanced Scientific Research
370,Karnataka Janapada Vishwavidyalaya
371,Kannada University
372,Karnataka State Law University
373,Karnataka State Open University
374,Karnataka State Rural Developoment and Panchayat Raj University
375,Karnataka State Women University
376,Karnataka University
377,Karnataka Veterinary
378,Karnataka Samskrit University
379,Karnataka Folklore University
380,Khaja Bandanawaz University
381,KLE Academy of Higher Education and Research
382,KLE Technological University
383,KSGH Music and Performing Arts University
384,Kuvempu University
385,Maharani Cluster University
386,Mandya University
387,Mangalore University
388,Manipal Academy of Higher Education
389,M.S. Ramaiah University of Applied Sciences
390,Nrupathunga University
391,National law School of India University
392,NITTE
393,P ES University
394,Presidency University Dibbur & Ittagalpura Village
395,Rai Technology University
396,Raichur University
397,Rajiv Gandhi University of Health Sciences
398,Rani Channamma University
399,Reva University
400,RV University
401,Sharnbasva University
402,Shri Dharmasthala Manjunatheshwara University
403,Sri Devraj Urs Academy of Higher Education and Research
404,Sri Sathya Sai University for Human Excellence
405,Sri Jagadhguru Murugarajendra University
406,Sri Siddhartha Academy of Higher Education
407,Srinivas University
408,Swami Vivekananda Yoga Anusandhana Sansthana
409,St. Joseph’s University
410,The University of Trans-Disciplinary Health Sciences and Technology
411,Tumkur University
412,University of Agricultural Sciences
413,University of Horticultural Sciences
414,University of Mysore
415,Vidyashilp University
416,Visveswaraiah Technological University
417,Vijayanagara Sri Krishnadevaraya University
418,Yenepoya
419,A.P.J. Abdul Kalam Technological University
420,Central University of Kerala
421,Chinmaya Vishwavidyapeeth
422,Cochin University of Science & Technology
423,Indian Institute of Space Science and Technology
424,Kannur University
425,Kerala Agricultural University
426,Kerala Kalamandalam
427,Kerala University of Digital Sciences Innovation and Technology
428,Kerala University of Fisheries & Ocean Studies
429,Kerala University of Health Sciences
430,Kerala Veterinary & Animal Sciences University
431,Mahatma Gandhi University
432,National University of Advanced Legal Studies (NUALS) NUALS 20 Campus
433,Shree Sankaracharya University of Sanskrit
434,Sreenarayanaguru Open University
435,Thunchath Ezhuthachan Malayalam University
436,University of Calicut
437,University of Kerala
438,A.K.S. University
439,Atal Bihari Vajpai Hindi Vishwavidyalaya
440,Avantika University
441,Awadesh Pratap Singh University
442,Barkatullah University
443,Bhabha University
444,Devi Ahilya Vishwavidyalaya
445,Dharmashastra National Law University
446,Dr. A.P.J. Abdul Kalam University
447,Dr. B.R. Ambedkar University of Social Sciences
448,Dr. Harisingh Gour Vishwavidyalaya
449,Eklavya University
450,G.H. Raisoni University
451,I.E.S University
452,Jagran Lakecity University
453,Jawaharlal Nehru Krishi Vishwavidyalaya
454,Jaypee University of Engineering & Technology
455,Jiwaji University
456,Lakshmibai National Institute of Physical Education
457,LNCT University
458,Madhya Pradesh Medical Science University
459,Madhyanchal Professional University
460,Mahakaushal University
461,Maharaja Chhatrasal Bundelkhand Vishwavidyalaya
462,Mahatma Gandhi Chitrakoot Gramoday Vishwavidyalaya
463,M.P.Bhoj (open) University
464,Maharishi Mahesh Yogi Vedic Vishwavidyalaya
465,Maharishi Panini Sanskrit Evam Vedic Vishwavidyalaya
466,Makhanlal Chaturvedi National University of Journalism and Communication
467,Malwanchal University
468,Mandsaur University
469,Mangalayatan University
470,Mansarovar Global University
471,Medi-Caps University
472,Nanaji Deshmukh Pashu Chikitsa Vigyan Vishwavidyalaya
473,National Law Institute University
474,Oriental University
475,Pandit S.N. Shukla University
476,People’s University
477,P.K. University
478,Raja Mansingh Tomar Music & Arts University
479,Raja Shankar Shah University (Formerly Chhindwara University)
480,Rajiv Gandhi Proudyogiki Vishwavidyalaya
481,Rani Durgavati Vishwavidyalaya
482,RKDF University
483,Rajmata Vijayaraje Scindia Krishi Vishwavidyalaya
484,Rabindranath Tagore University (Formerly AISECT University) Village – Mendua
485,Renaissance University
486,Sage University
487,Sanjeev Agrawal Global Educational University
488,SAM Global University
489,Sanchi University of Buddhist-Indic Studies
490,Sarvepalli Radhakrishnan University
491,Shri Krishna University
492,Shri Vaishnav Vidyapeeth Vishwavidyalaya
493,Sri Aurobindo University
494,Sri Satya Sai University of Technology & Medical Sciences
495,Swami Vivekanand University
496,Symbiosis University of Applied Sciences
497,Techno Global University
498,The Indira Gandhi National Tribal University
499,Vikram University
500,Vikrant University
501,VIT Bhopal University
502,Ajeenkya D.Y. Patil University
503,ATLAS SKILLTECH UNIVERSITY
504,Bharati Vidyapeeth
505,Central Institute of Fisheries Education
506,Chhatrapati Shivaji Maharaj University
507,Dr. Homi Bhabha State University
508,D.Y. Patil Agriculture and Technical University
509,D.Y. Patil Educational Society
510,D.Y. Patil International University
511,D.Y. Patil University
512,Datta Meghe Institute of Higher Education & Research (Formerly Datta Meghe Institute of Medical Sciences)
513,Deccan College of Post-Graduate & Research Institute
514,Dr. Babasaheb Ambedkar Marathwada University
515,Dr. Babasaheb Ambedkar Technological University
516,Dr. D.Y. Patil Vidyapeeth
517,Dr. Punjabrao Deshmukh Krishi Vidyapeeth
518,Dr. Vishwanath Karad MIT World Peace University
519,Flame University
520,Gokhale Institute of Politics & Economics
521,Gondwana University
522,Homi Bhabha National Institute
523,Indira Gandhi Institute of Development Research
524,Defence Institute of Advanced Technology
525,Hyderabad (SIND) National Collegiate University
526,Institute of Chemical Technology
527,International Institute for Population Sciences
528,International Sports Univeristy
529,Kavi Kulguru Kalidas Sanskrit Vishwavidyalaya
530,Konkan Krishi Vidyapeeth
531,Krishna Vishwa Vidyapeeth (Formerly Krishna Institute of Medical Sciences)
532,Maharashtra Animal & Fishery Sciences University
533,Maharashtra Natinoal Law University
534,Maharashtra National Law University
535,Maharashtra University of Health Sciences
536,Maharashtra State Skills University
537,Mahatma Gandhi Antarrashtriya Hindi Vishwavidyalay
538,Mahatma Phule Krishi Vidyapeeth
539,Marathwada Agricultural University
540,MGM Institute of Health Sciences
541,MGM University
542,MIT Art Design & Technology University
543,Narsee Monjee Institute of Management Studies
544,NICMAR University
545,Kavayitri Bahinbai Chaudhari North Maharashtra University (Formarly North Maharashtra University) PB No. 80
546,Padmashree Dr. D.Y. Patil Vidyapeeth
547,Pravara Institute of Medical Sciences
548,Sanjay Ghodawat University
549,Savitribai Phule Pune University
550,Sant Gadge Baba Amravati University
551,Shivaji University
552,Smt. Nathibai Damodar Thackersey Women’s University
553,Punyashlok Ahilyadevi Holkar Solapur University (formerly Solapur University)
554,Somaiya Vidyavihar University
555,Spicer Adventist University
556,Sri Balaji University
557,Swami Ramanand Teerth Marathwada University
558,SYMBIOSIS International
559,Symbiosis Skills and Professional University (Formerly Symbiosis Skills and Open University)
560,Tata Institute of Fundamental Research
561,Tata Institute of Social Sciences
562,The Rashtrasant Tukadoji Maharaj Nagpur University
563,Tilak Maharashtra Vidyapeeth
564,University of Mumbai
565,Vijaybhoomi University
566,Vishwakarma University
567,Yashwant Rao Chavan Maharashtra Open University
568,Asian International University
569,Bir Tikendrajit University
570,Central Agricultural University
571,Dhanamanjuri University
572,Khongnangthaba University
573,Manipur International University
574,Manipur University
575,Manipur Technical University
576,Manipur University of Culture
577,National Sports University
578,Sangai International University
579,CMJ University
580,Martin Luther Christian University
581,North East Adventist University
582,North Eastern Hill University
583,University of Science & Technology
584,Maharashtra Institute of Technology University of Meghalaya (Formerly 27 University of Technology & Management)
585,William Carey University
586,Mizoram University
587,Nagaland University
588,North East Christian University
589,St. Joseph University
590,T he Global Open University
591,AIPH University
592,ASBM University
593,Berhampur University
594,Biju Patnaik University of Technology
595,Birla Global University
596,Central University of Odisha
597,C.V. Raman Global University
598,Fakir Mohan University
599,Gandhi Institute of Engineering & Technology University
600,Gangadhar Meher University
601,Kalinga Institute of Industrial Technology
602,Kalinga Institute of Social Sciences
603,Khallikote University
604,Kalahandi University
605,Madhusudan Law University
606,National law University
607,Maharaja Sriram Chandra Bhanja Deo University (Formerly North Orissa University)
608,Odisha State Open University
609,Odisha University of Technology and Research
610,Orissa University of Agriculture & Technology
611,Rajendra University
612,Rama Devi Women’s University
613,Ravenshaw University
614,Sambalpur University
615,Shiksha ‘O’ Anusandhan
616,Shri Jagannath Sanskrit Vishwavidyalaya
617,Sri Sri University
618,Utkal University
619,Utkal University of Culture
620,Veer Surendra Sai Institute of Medical Sciences and Research
621,Veer Surendra Sai University of Technology
622,XIM University (Formerly Xavier University)
623,Adesh University
624,Akal University
625,A mity University
626,Baba Farid University of Health Sciences
627,Central University of Punjab
628,Chandigarh University
629,C.T. University
630,D.A.V. University
631,Desh Bhagat University
632,GNA University
633,Guru Angad Dev Veterinary & Animal Sciences University
634,Guru Kashi University
635,Guru Nanak Dev University
636,Guru Ravidas Ayurved University
637,Jagat Guru Nanak Dev Punjab State Open University
638,Lamrin Tech Skills University
639,Lovely Professional University
640,Maharaja Ranjit Singh Punjab Technical University
641,Plaksha University Punjab
642,Punjab Agricultural University
643,Punjabi University
644,Rayat Bahra University
645,RIMT University
646,Sant Baba Bhag Singh University
647,Sant Longowal Institute of Engineering and Technology (SLIET)
648,Sardar Beant Singh State University
649,Shaheed Bhagat Singh State University
650,Sri Guru Granth Sahib World University
651,Sri Guru Ram Das University of Health Sciences
652,Sri Guru Teg Bahadur State University of Law
653,Thapar Institute of Engineering & Technology
654,The I.K. Gujaral Punjab Technical University
655,The Maharaja Bhupinder Singh Punjab Sports University
656,The Rajiv Gandhi National University of Law
657,Amity University Rajasthan
658,Apex University
659,Agriculture University
660,Banasthali Vidyapith
661,Bhagwant University
662,Bhartiya Skill Development University
663,Bhupal Nobles University
664,Bikaner Technical University
665,Birla Institute of Technology & Science
666,Central University of Rajasthan
667,Dr. Bhimrao Ambedkar Law University
668,Dr. K.N. Modi University
669,Geetanjali University
670,Govind Guru Tribal University
671,Haridev Joshi University of Journalism and Mass Communication
672,HomoeopathyUniversity
673,IIHMR University
674,IIS
675,Institute of Advanced Studies in Education
676,Jagadguru Ramanandacharya Rajasthan Sanskrit University
677,Jai Narain Vyas University
678,Jain Vishva Bharati Institute
679,Jaipur National University
680,Janardan Rai Nagar Rajasthan Vidyapeeth
681,Jodhpur National University
682,Jayoti Vidyapeeth Women’s University
683,J.K. Lakshmipat University
684,J.E.C.R.C. University
685,The LNM Institute of Information Technology
686,Lords University
687,Madhav University
688,Maharaja Ganga Singh University
689,Maharana Pratap University of Agriculture & Technology
690,Maharishi Dayanand Saraswati University
691,Mahatma Jyoti Rao Phule University
692,Mahatma Gandhi University of Medical Sciences & Technology
693,Maharaj Vinayak Global University
694,Maharaja Surajmal Brij University
695,Maharishi Arvind University
696,Manipal University
697,Maulana Azad University
698,M.B.M. University
699,Mewar University
700,Mody University of Science and Technology
701,Mohan Lal Sukhadia University
702,National Institute of Ayurveda (NIA)
703,Nims University Rajasthan
704,NIIT University
705,Nirwan University
706,OPJS University
707,Pacific Academy of Higher Education & Research University
708,Pacific Medical University
709,Pandit Deendayal Upadhyaya Shekhawati University (Formerly Shekhawati University)
710,Poornima University
711,Pratap University
712,Raffles University
713,Rajasthan Agricultural University
714,Rajasthan Ayurveda University
715,Rajasthan Technical University
716,Rajasthan University of Health Sciences
717,Rajasthan University of Veterinary & Animal Sciences
718,Rajasthan ILD Skills University (RISU)
719,Raj Rishi Bhartrihari Matsya University
720,R.N.B. Global University
721,Sai Tirupati University
722,Sangam University
723,Sardar Patel University of Police
724,Shri Jagdish Prasad Jhabarmal Tibrewala University
725,Shridhar University
726,Shri Kallaji Vedic Vishvavidyalaya
727,Shri Khushal Das University
728,Shyam University
729,Singhania University
730,Sir Padmapat Singhania University
731,Suresh Gyan Vihar University
732,Sunrise University
733,Tantia University
734,University of Kota
735,University of Engineering & Management
736,University of Rajasthan
737,University of Technology
738,Vardhman Mahaveer Open University
739,Vivekananda Global University
740,Medhavi Skills University
741,Sikkim Alpine University (Formerly EIILM University)
742,Sikkim International University
743,Sikkim Manipal University
744,Sikkim National Law University
745,Sikkim Skill University
746,Khangchendzonga State University (Formerly Sikkim State University)
747,Sikkim University
748,Shri Ramasamy Memorial University
749,Sikkim Professional University (Formerly Vinayaka Missions Sikkim University)
750,Academy of Maritime Education and Training
751,Alagappa University
752,Amrita Vishwa Vidyapeetham
753,Anna University
754,Annamalai University
755,Avinashilingam Institute for Home Science & Higher Education for Women
756,B.S. Abdur Rahman Crescent Institute of Science and Technology
757,Bharath Institute of Higher Education & Research
758,Bharathiar University
759,Bharathidasan University
760,Central University of Tamil Nadu
761,Chennai Mathematical Institute
762,Chettinad Academy of Research and Education (CARE)
763,Dhanalakshmi Srinivasan University
764,Dr. M.G.R. Educational and Research Institute
765,Gandhigram Rural Institute
766,Hindustan Institute of Technology and Science (HITS)
767,Indian Maritime University
768,Jeppiaar University
769,Kalasalingam Academy of Research and Higher Education
770,Karpagam Academy of Higher Education
771,Karunya Institute of Technology and Sciences
772,Madurai Kamraj University
773,Manonmaniam Sundarnar University
774,Meenakshi Academy of Higher Education and Research
775,Mother Teresa Women’s University
776,Noorul Islam Centre for Higher Education
777,Periyar Maniammai Institute of Science & Technology (PMIST)
778,Periyar University
779,Ponnaiyah Ramajayam Institute of Science & Technology (PRIST)
780,Sai University
781,S.R.M. Institute of Sciences and Technology
782,Sathyabama Institute of Science and Technology
783,Saveetha Institute of Medical and Technical Sciences
784,Shanmugha Arts
785,Shiv Nadar University
786,Sri Chandrasekharandra Saraswati Vishwa Mahavidyalaya
787,Sri Ramachandra Medical College and Research Institute
788,St. Peter’s Institute of Higher Education and Research
789,Tamil Nadu Teacher Education University
790,Tamil University
791,Tamilnadu Agricultural University
792,Tamilnadu Dr. Ambedkar Law University
793,Tamilnadu Dr. M.G.R. Medical University
794,Tamilnadu Fisheries University
795,Tamilnadu Music and Fine Arts University
796,Tamilnadu National Law School
797,Tamilnadu Open University
798,Tamilnadu Physical Education and Sports University
799,Tamilnadu Veterinary & Animal Sciences University
800,Thiruvalluvar University
801,University of Madras
802,Vel Tech Rangarajan Dr. Sagunthala R & D Institute of Science and Technology
803,Vel’s Institute of Science
804,Vellore Institute of Technology
805,Vinayaka Mission’s Research Foundation
806,Anurag University
807,Aurora Higher Education & Research Academy
808,Chaitanya (Deemed to be University)
809,Dr. B.R. Ambedkar Open University
810,ICFAI Foundation for Higher Education
811,Jawaharlal Nehru Architecture and Fine Arts University
812,Kakatiya University
813,Kaloji Narayan Rao University of Health Sciences
814,Mahindra University Bahadurpaly(V)
815,Malla Reddy University
816,Maulana Azad National Urdu University
817,NALSAR University of Law
818,Nizam’s Institute of Medical Sciences
819,Osmania University
820,PalamuruUniversity
821,Potti Sreeramulu Telugu University
822,Professor Jayashankar Telangana State Agricultural University (Formerly Archarya N.G Ranga Agricultural University)
823,Rajiv Gandhi University of Knowledge Technologies
824,Satavahana University
825,Sri Konda Laxman Telangana State Horticultural University
826,P.V. Narsimha Rao Telangana Veterinary University
827,SR University
828,Telangana University
829,The English and Foreign Languages University
830,University of Hyderabad
831,Woxsen University
832,The ICFAI University
833,Maharaja Bir Bikram University
834,Tripura University
835,Aligarh Muslim University
836,Prof. Rajendra Singh (Rajju Bhaiya) University (Formerly Allahabad State University
837,Atal Bihari Vajpayee Medical University
838,Babasaheb Bhimrao Ambedkar University
839,Banaras Hindu University
840,Banda University of Agriculture & Technology
841,Bareilly International University
842,Bennett University
843,Bhatkhande Music Institute
844,Bundelkhand University
845,Babu Banarasi Das University
846,Central Institute of Higher Tibetan Studies
847,Chandra Shekhar Azad University of Agriculture & Technology
848,Chhatrapati Shahu Ji Maharaj University
849,Choudhary Charan Singh University (Formerly Meerut University)
850,Dayalbagh Educational Institute
851,Deen Dayal Upadhyay Gorakhpur University
852,Dr. A.P.J. Abdul Kalam Technical University (Formerly Uttar Pradesh Technical University) Sector- 11
853,Dr Ram Manohar Lohia Awadh University
854,Dr. Ram Manohar Lohia Institute of Medical Sciences
855,Dr. Ram Manohar Lohiya National Law University
856,Dr. Shakuntala Misra National Rehabilitation University (Formerly Uttar Pradesh Viklang Uddhar Dr. Shakuntala Misra Vishwavidyalaya)
857,Era University
858,F.S. University
859,G.L.A. University
860,Galgotias University
861,Gautam Buddha University
862,Harcourt Butler Technical University
863,IIMT University
864,Indian Veterinary Research Institute
865,IFTM University
866,Integral University
867,Invertis University
868,Jagadguru Rambhadracharya Divyang University (Formerly Jagadguru Rambhadracharya Handicapped university)
869,Jannayak Chandrashekhar University
870,Jaypee Institute of Information Technology
871,Jaypee University
872,J.S. University
873,Khwaja Moinuddin Chishti Urdu
874,King George Medical University
875,Madan Mohan Malviya University of Technology
876,Maa Shakumbhari University
877,Mahatma Jyotiba Phule Rohilkhand University
878,Mahatma Gandhi Kashi Vidyapeeth
879,Maharishi University of Information Technology
880,Mahayogi Gorakhnath University Gorakhpur
881,Mohammad Ali Jauhar University
882,Monad University
883,Narendra Deo University of Agriculture & Technology
884,Nehru Gram Bharati
885,Noida International University
886,Raja Mahendra Pratap Singh State University
887,Rajiv Gandhi National Aviation University
888,Rama University
889,Rani Lakshmi Bai Central Agricultural University
890,Sam Higginbottom Institute of Agriculture
891,Sampurnanand Sanskrit Vishwavidyalaya
892,Sanskriti University
893,Santosh
894,Sardar Vallabh Bhai Patel University of Agriculture & Technology
895,Sharda University
896,S hiv Nadar (Institution of Eminence Deemed to be University)
897,Shobhit Institute of Engineering & Technology
898,Shobhit University
899,Shri Ramswaroop Memorial University
900,Siddharth University
901,Swami Vivekanand Subharti University
902,Shri Venkateshwara University
903,Teerthanker Mahaveer University
904,The Glocal University
905,University of Lucknow
906,United University
907,U.P. King George’s University of Dental Science
908,Uttar Pradesh Pandit Deen Dayal Upadhyaya Pashu Chikitsa Vigyan Vishwavidyalaya Evam Go-Anusandhan Sansthan
909,U.P. Rajarshi Tandon Open University
910,Uttar Pradesh University of Medical Sciences
911,University of Allahabad
912,Veer Bahadur Singh Purvanchal University
913,Bhagwant Global University
914,Dev Bhoomi Uttrakhand University
915,DIT University
916,Doon University
917,Forest Research Institute
918,G.B. Pant University of Agriculture and Technology
919,Graphic Era
920,Graphic Era Hill University (Formerly Graphic Era Parvatiya Vishwavidyalaya)
921,Gurukul Kangri Vishvidayala
922,Hemvati Nandan Bahuguna Garhwal University
923,Hemwati Nandan Bahuguna Medical Education University
924,Himalayiya University
925,Himgiri Zee University
926,IMS Unison University
927,Institute of Chartered Financial Analysts of India (ICFAI)
928,Kumaun University
929,Maharaja Agrasen Himalayan Garhwal University (Formerly Himalayan Garhwal University)
930,Motherhood University
931,Quantum University
932,Ras Bihari Bose Subharti University
933,Sardar Bhagwan Singh University
934,Shri Guru Ram Rai University
935,Soban Singh Jeena University
936,Sri Dev Suman Uttarakhand Vishwavidyalay
937,Surajmal University
938,Swami Rama Himalayan University
939,University of Engineering and Technology Roorkee
940,University of Patanjali
941,University of Petroleum and Energy Studies
942,Uttarakhand Ayurved University
943,Uttarakhand Open University
944,Uttarakhand Sanskrit University
945,Uttrakhand Technical University
946,Uttaranchal University
947,Veer Chandra Singh Garhwali Uttarakhand University of Horticulture & Forestry
948,Adamas University
949,Alipurduar University
950,Aliah University
951,Bankura University
952,Biswa Bangla Biswabidyalay
953,Bidhan Chandra Krishi Vishwavidyalaya
954,Brainware University
955,Cooch Behar Panchanan Barma University
956,Dakshin Dinajpur University
957,Darjeeling Hills University
958,Diamond Harbour Women’s University
959,Harichand Guruchand University
960,Hindi University
961,Indian Association for the Cultivation of Science (IACS)
962,Jadavpur University
963,JIS University
964,Kanyashree University
965,Kazi Nazrul University
966,Mahatma Gandhi University (Formerly Purba Medinipur University)
967,Maulana Abul Kalam Azad University of Technology
968,Murshidabad University
969,Netaji Subhash Open University
970,Presidency University
971,Rabindra Bharati University
972,Raiganj University
973,Ramakrishna Mission Vivekananda Educational and Research Institute
974,Rani Rashmoni Green University
975,Sadhu Ram Chand Murmu University of Jhargram (Formerly Jhargram University) Jhargram Raj College
976,Seacom Skills University
977,Sidho-Kanho-Birsha University
978,Sister Nivedita University
979,St. Xavier’s University
980,Swami Vivekananda University
981,Techno India University
982,The Neotia University
983,The Sanskrit College and University
984,The West Bengal National University of Juridical Science
985,The West Bengal University of Health Sciences
986,The West Bengal University of Teachers’ Training
987,University of Burdwan
988,University of Calcutta
989,University of Engineering and Management
990,University of Gour Banga
991,University of Kalyani
992,University of North Bengal
993,Uttar Banga Krishi Vishwavidyalaya
994,Vidyasagar University
995,Vishwa Bharati University
996,West Bengal State University
997,West Bengal University of Animal and Fishery Sciences
998,Dr. B.R. Ambedkar University (formerly Bharat Ratna Dr. B.R. Ambedkar University)
999,Delhi Pharmaceutical Sciences & Research University
1000,Delhi Skill and Entrepreneurship University
1001,Delhi Sports University
1002,Delhi Teachers University
1003,Delhi Technological University
1004,Guru Gobind Singh Indraprastha Vishwavidyalaya
1005,Indian Agricultural Research Institute
1006,Indian Institute of Foreign Trade
1007,In dian Law Institute
1008,Indira Gandhi National Open University
1009,Indira Gandhi Delhi Technical University for Women
1010,Indraprastha Institute of Information Technology
1011,Institute of Liver and Biliary Sciences (ILBS)
1012,Jamia Hamdard
1013,Jamia Mallia Islamia University
1014,Jawaharlal Nehru University
1015,Morarji Desai National Institute of Yoga
1016,National Institute of Educational Planning and Administration
1017,National Museum Institute of History of Art
1018,Netaji Subhas University of Technology
1019,Shri Lal Bahadur Shastri National Sanskrit University
1020,South Asian University
1021,The Central Sanskrit University
1022,TERI School of Advanced Studies
1023,University of Delhi
1024,Panjab University
1025,Punjab Engineering College
1026,Pondicherry University
1027,Puducherry Technological University
1028,Sri Balaji Vidyapeeth
1029,Central Institute of Buddhist Studies
1030,Sindhu Central University
1031,University of Ladakh
